{
  "artifacts": [],
  "command": "my_main",
  "experiment": {
    "base_dir": "/home/atlas/sambashare/source/atpeterepymarl/src",
    "dependencies": [
      "munch==2.5.0",
      "numpy==1.23.4",
      "pymongo==4.1.1",
      "PyYAML==6.0",
      "sacred==0.8.2",
      "torch==1.11.0"
    ],
    "mainfile": "main.py",
    "name": "main",
    "repositories": [
      {
        "commit": "733d38453a4627797eb7abccea47d4faa4e186c4",
        "dirty": true,
        "url": "https://github.com/at-peter/epymarl.git"
      },
      {
        "commit": "733d38453a4627797eb7abccea47d4faa4e186c4",
        "dirty": true,
        "url": "https://github.com/at-peter/epymarl.git"
      },
      {
        "commit": "733d38453a4627797eb7abccea47d4faa4e186c4",
        "dirty": true,
        "url": "https://github.com/at-peter/epymarl.git"
      }
    ],
    "sources": [
      [
        "main.py",
        "_sources/main_63a3b0a0ef76fd6f74b63de5e38674fe.py"
      ],
      [
        "run.py",
        "_sources/run_77f33d14d20fa40604c36e8213606401.py"
      ],
      [
        "utils/logging.py",
        "_sources/logging_4a8ec8e89e50c60ddb67fb5bbe3d4763.py"
      ]
    ]
  },
  "fail_trace": [
    "Traceback (most recent call last):\n",
    "  File \"/home/atlas/sambashare/source/atpeterepymarl/venv/lib/python3.9/site-packages/torch/serialization.py\", line 380, in save\n    _save(obj, opened_zipfile, pickle_module, pickle_protocol)\n",
    "  File \"/home/atlas/sambashare/source/atpeterepymarl/venv/lib/python3.9/site-packages/torch/serialization.py\", line 604, in _save\n    zip_file.write_record(name, storage.data_ptr(), num_bytes)\n",
    "OSError: [Errno 28] No space left on device\n",
    "\nDuring handling of the above exception, another exception occurred:\n\n",
    "Traceback (most recent call last):\n",
    "  File \"/home/atlas/sambashare/source/atpeterepymarl/venv/lib/python3.9/site-packages/sacred/config/captured_function.py\", line 42, in captured_function\n    result = wrapped(*args, **kwargs)\n",
    "  File \"/home/atlas/sambashare/source/atpeterepymarl/src/main.py\", line 46, in my_main\n    run(_run, config, _log)\n",
    "  File \"/home/atlas/sambashare/source/atpeterepymarl/src/run.py\", line 61, in run\n    run_sequential(args=args, logger=logger)\n",
    "  File \"/home/atlas/sambashare/source/atpeterepymarl/src/run.py\", line 256, in run_sequential\n    learner.save_models(save_path)\n",
    "  File \"/home/atlas/sambashare/source/atpeterepymarl/src/learners/actor_critic_learner.py\", line 169, in save_models\n    th.save(self.agent_optimiser.state_dict(), \"{}/agent_opt.th\".format(path))\n",
    "  File \"/home/atlas/sambashare/source/atpeterepymarl/venv/lib/python3.9/site-packages/torch/serialization.py\", line 381, in save\n    return\n",
    "  File \"/home/atlas/sambashare/source/atpeterepymarl/venv/lib/python3.9/site-packages/torch/serialization.py\", line 260, in __exit__\n    self.file_like.write_end_of_file()\n",
    "RuntimeError: [enforce fail at inline_container.cc:300] . unexpected pos 624320 vs 624272\n"
  ],
  "heartbeat": "2022-12-21T13:20:47.619667",
  "host": {
    "ENV": {},
    "cpu": "AMD Ryzen Threadripper 2990WX 32-Core Processor",
    "gpus": {
      "driver_version": "470.103.01",
      "gpus": [
        {
          "model": "NVIDIA GeForce RTX 2080 Ti",
          "persistence_mode": false,
          "total_memory": 11019
        },
        {
          "model": "NVIDIA GeForce RTX 2080 Ti",
          "persistence_mode": false,
          "total_memory": 11019
        },
        {
          "model": "NVIDIA GeForce RTX 2080 Ti",
          "persistence_mode": false,
          "total_memory": 11016
        }
      ]
    },
    "hostname": "pop-os",
    "os": [
      "Linux",
      "Linux-5.17.15-76051715-generic-x86_64-with-glibc2.34"
    ],
    "python_version": "3.9.7"
  },
  "meta": {
    "command": "my_main",
    "options": {
      "--beat-interval": null,
      "--capture": null,
      "--comment": null,
      "--debug": false,
      "--enforce_clean": false,
      "--file_storage": null,
     