{
  "artifacts": [],
  "command": "my_main",
  "experiment": {
    "base_dir": "C:\\source\\atpeterepymarl\\src",
    "dependencies": [
      "munch==2.3.2",
      "numpy==1.22.3",
      "pymongo==4.0.2",
      "PyYAML==3.13",
      "sacred==0.8.2",
      "torch==1.10.2"
    ],
    "mainfile": "main.py",
    "name": "main",
    "repositories": [
      {
        "commit": "714341313334a936ef2350cfb57c3c063ef30c37",
        "dirty": true,
        "url": "https://github.com/at-peter/epymarl.git"
      },
      {
        "commit": "714341313334a936ef2350cfb57c3c063ef30c37",
        "dirty": true,
        "url": "https://github.com/at-peter/epymarl.git"
      },
      {
        "commit": "714341313334a936ef2350cfb57c3c063ef30c37",
        "dirty": true,
        "url": "https://github.com/at-peter/epymarl.git"
      }
    ],
    "sources": [
      [
        "main.py",
        "_sources\\main_ddc7403ab1ac1775d57400ceb68c3a74.py"
      ],
      [
        "run.py",
        "_sources\\run_8f05366b395f6ee71f733564402af64f.py"
      ],
      [
        "utils\\logging.py",
        "_sources\\logging_91622dda7aeb3be33a655be47577bf2f.py"
      ]
    ]
  },
  "heartbeat": "2022-12-18T07:22:09.402897",
  "host": {
    "ENV": {},
    "cpu": "Unknown",
    "gpus": {
      "driver_version": "516.94",
      "gpus": [
        {
          "model": "NVIDIA GeForce RTX 3080",
          "persistence_mode": false,
          "total_memory": 10240
        }
      ]
    },
    "hostname": "DESKTOP-NVKBL9M",
    "os": [
      "Windows",
      "Windows-10-10.0.19041-SP0"
    ],
    "python_version": "3.9.4"
  },
  "meta": {
    "command": "my_main",
    "options": {
      "--beat-interval": null,
      "--capture": null,
      "--comment": null,
      "--debug": false,
      "--enforce_clean": false,
      "--file_storage": null,
      "--force": false,
      "--help": false,
      "--loglevel": null,
      "--mongo_db": null,
      "--name": null,
      "--pdb": false,
      "--print-config": false,
      "--priority": null,
      "--queue": false,
      "--s3": null,
      "--sql": null,
      "--tiny_db": null,
      "--unobserved": false,
      "COMMAND": null,
      "UPDATE": [
        "env_args.time_limit=25",
        "env_args.key=Foraging-2s-8x8-2p-2f-coop-v0"
      ],
      "help": false,
      "with": true
    }
  },
  "resources": [],
  "result": null,
  "start_time": "2022-12-18T01:16:39.002218",
  "status": "COMPLETED",
  "stop_time": "2022-12-18T07:22:09.402398"
}