{
  "artifacts": [],
  "command": "my_main",
  "experiment": {
    "base_dir": "/home/peter/sambashare/source/epymarl/src",
    "dependencies": [
      "numpy==1.23.5",
      "pymongo==4.3.3",
      "PyYAML==5.3.1",
      "sacred==0.8.3",
      "torch==1.13.0"
    ],
    "mainfile": "main.py",
    "name": "main",
    "repositories": [
      {
        "commit": "2cfd023c19b11120b72cf1f24007f65e222f6630",
        "dirty": true,
        "url": "https://github.com/at-peter/epymarl.git"
      },
      {
        "commit": "2cfd023c19b11120b72cf1f24007f65e222f6630",
        "dirty": true,
        "url": "https://github.com/at-peter/epymarl.git"
      },
      {
        "commit": "2cfd023c19b11120b72cf1f24007f65e222f6630",
        "dirty": true,
        "url": "https://github.com/at-peter/epymarl.git"
      }
    ],
    "sources": [
      [
        "main.py",
        "_sources/main_df3acaeae5848076c8ffd7d366e07994.py"
      ],
      [
        "run.py",
        "_sources/run_77f33d14d20fa40604c36e8213606401.py"
      ],
      [
        "utils/logging.py",
        "_sources/logging_4a8ec8e89e50c60ddb67fb5bbe3d4763.py"
      ]
    ]
  },
  "heartbeat": "2022-12-18T09:24:41.466234",
  "host": {
    "ENV": {},
    "cpu": "AMD Ryzen 7 5800X 8-Core Processor",
    "gpus": {
      "driver_version": "520.56.06",
      "gpus": [
        {
          "model": "NVIDIA GeForce RTX 3090",
          "persistence_mode": false,
          "total_memory": 24576
        }
      ]
    },
    "hostname": "amirhossein-ROG-Strix-GA35DX-G35DX",
    "os": [
      "Linux",
      "Linux-5.15.0-56-generic-x86_64-with-glibc2.35"
    ],
    "python_version": "3.10.6"
  },
  "meta": {
    "command": "my_main",
    "config_updates": {
      "env_args": {
        "key": "Foraging-8x8-2p-2f-coop-v2",
        "time_limit": 25
      }
    },
    "named_configs": [],
    "options": {
      "--beat-interval": null,
      "--capture": null,
      "--comment": null,
      "--debug": false,
      "--enforce_clean": false,
      "--file_storage": null,
      "--force": false,
      "--help": false,
      "--id": null,
      "--loglevel": null,
      "--mongo_db": null,
      "--name": null,
      "--pdb": false,
      "--print-config": false,
      "--priority": null,
      "--queue": false,
      "--s3": null,
      "--sql": null,
      "--tiny_db": null,
      "--unobserved": false,
      "COMMAND": null,
      "UPDATE": [
        "env_args.time_limit=25",
        "env_args.key=Foraging-8x8-2p-2f-coop-v2"
      ],
      "help": false,
      "with": true
    }
  },
  "resources": [],
  "result": null,
  "start_time": "2022-12-18T07:24:32.465730",
  "status": "COMPLETED",
  "stop_time": "2022-12-18T09:24:41.465885"
}